date,description,amount,type,category,category_confidence,confidence_score,is_ood
1/1/2025,Purchase authorized on 1/1 OLIVE GARDEN SCHUMMSTAD NE S208963378876018 Card 6016,56.6,debit,dining,0.9953282941884865,0.46279402705168127,False
1/2/2025,Purchase authorized on 1/2 TARGET NORTH VINCEHAVEN OH S411257629756423 Card 7010,82.68,debit,online_retail,0.4991075107362875,0.715835211639124,False
1/3/2025,Purchase authorized on 1/3 AIRBNB WEST CAROLINESHIRE SD S688185883124880 Card 5421,129.61,debit,hotels,0.9428449431115337,0.3714991908039792,False
1/4/2025,Purchase authorized on 1/4 CHIPOTLE WEST GILDABORO TN S325180971087770 Card 3186,11.56,debit,dining,0.9849521107120204,0.5764012923199398,False
1/6/2025,Purchase authorized on 1/6 COMCAST STILLWATER AZ S038915398844208 Card 8995,96.73,debit,utilities,0.9994828068116466,0.34997511794056657,False
1/6/2025,Purchase authorized on 1/6 AMC THEATRES DIAMOND BAR MN S196266316575855 Card 8410,43.51,debit,entertainment,0.9923312083356188,0.39667967407987204,False
1/8/2025,Purchase authorized on 1/8 WALGREENS ZBONCAKVILLE MT S876732888955767 Card 7833,14.37,debit,drugstores,0.9901234883052913,0.7234089647641156,False
1/8/2025,Purchase authorized on 1/8 STARBUCKS PORT RAEWORTH MA S373984771958383 Card 0903,7.54,debit,dining,0.985569099914075,0.5869937658017546,False
1/8/2025,Purchase authorized on 1/8 VERIZON VILMABURY IA S829090859059566 Card 4659,89.92,debit,phone,0.9972672154624403,0.13391808099534697,False
1/9/2025,Purchase authorized on 1/9 CHIPOTLE BODETON WY S338997307549140 Card 4011,16.58,debit,dining,0.9849521107120204,0.5764012923199398,False
1/11/2025,Purchase authorized on 1/11 NIKE LONNYPORT IA S367770405483117 Card 6107,174.32,debit,online_retail,0.9980093153425159,0.28799227794622895,False
1/14/2025,Purchase authorized on 1/14 NETFLIX GOYETTETOWN NC S199930949982383 Card 1596,15.19,debit,streaming,0.9790090938577177,0.5622882411746888,False
1/15/2025,Purchase authorized on 1/15 STARBUCKS MATHIASFURT ID S723768650322938 Card 6755,5.28,debit,dining,0.985569099914075,0.5869937658017546,False
1/22/2025,Purchase authorized on 1/22 DUNKIN NORTH URIELWORTH SD S306414092635519 Card 7985,7.25,debit,dining,0.9859213594220079,0.5930920389446405,False
1/23/2025,Purchase authorized on 1/23 SHELL WEST MONTY NY S841775745401063 Card 5924,46.9,debit,gas,0.9820660086835917,0.5739358055159614,False
1/23/2025,Purchase authorized on 1/23 WALMART LAKE LORENA NE S083105605261639 Card 1319,92.82,debit,online_retail,0.5077418675933667,0.7129789517185665,False
1/25/2025,Purchase authorized on 1/25 CHIPOTLE SOUTH KARIBORO NJ S008315726005567 Card 9537,14.63,debit,dining,0.9849521107120204,0.5764012923199398,False
1/25/2025,Purchase authorized on 1/25 DUNKIN TERRE HAUTE MN S621435099653861 Card 9897,4.96,debit,dining,0.9859213594220079,0.5930920389446405,False
1/26/2025,Purchase authorized on 1/26 CHEVRON NEW MAYRA ME S992432065029214 Card 9267,77.44,debit,gas,0.9807255387658722,0.5560978866189894,False
1/28/2025,Purchase authorized on 1/28 MARRIOTT EAST ANDERSONHAVEN NM S709821135426123 Card 4715,257.69,debit,hotels,0.8874986818529491,0.48278357893748236,False
1/28/2025,Purchase authorized on 1/28 DUNKIN KRAJCIKLAND MO S414366036586106 Card 0595,8.99,debit,dining,0.9859213594220079,0.5930920389446405,False
1/30/2025,Purchase authorized on 1/30 UBER KARLIESHIRE MD S991010060380821 Card 6687,33.23,debit,transit,0.9747024539208756,0.4741341419179037,False
2/1/2025,Purchase authorized on 2/1 SPOTIFY SOUTH ANDRES IN S231253812007963 Card 7301,10.76,debit,streaming,0.9792880638082893,0.5656182834353508,False
2/2/2025,Purchase authorized on 2/2 CVS NATHANIALSTEAD FL S798831994000183 Card 5434,50.93,debit,drugstores,0.990346960534947,0.728140719456364,False
2/4/2025,Purchase authorized on 2/4 NETFLIX PREDOVICTOWN HI S079764316693956 Card 4846,15.82,debit,streaming,0.9790090938577177,0.5622882411746888,False
2/5/2025,Purchase authorized on 2/5 COSTCO MCLAUGHLINBOROUGH IL S528730415227799 Card 3679,168.86,debit,groceries,0.9865544708250704,0.6191326676676427,False
2/5/2025,Purchase authorized on 2/5 MARRIOTT BREITENBERGSTAD LA S506262191518889 Card 8405,198.13,debit,hotels,0.9976836933119418,0.06925863213642347,False
2/7/2025,Purchase authorized on 2/7 NIKE BURBANK IL S016224456543753 Card 4826,167.53,debit,online_retail,0.9980093153425159,0.28799227794622895,False
2/10/2025,Purchase authorized on 2/10 AIRBNB HANFORD SD S204547260776197 Card 5744,194.8,debit,hotels,0.9971843540091497,0.02861705886043886,False
2/10/2025,Purchase authorized on 2/10 CVS WEST RAPHAELLE OH S565570557068896 Card 3483,36.81,debit,drugstores,0.990346960534947,0.728140719456364,False
2/10/2025,Purchase authorized on 2/10 DELTA AIR LINES HANSENSTAD MD S394311910133263 Card 7284,497.17,debit,airfare,0.9412260137954542,0.4829920649371505,False
2/12/2025,Purchase authorized on 2/12 NETFLIX NORTH MABEL WA S711068890381089 Card 4714,15.13,debit,streaming,0.9790090938577177,0.5622882411746888,False
2/12/2025,Purchase authorized on 2/12 VERIZON SOUTH JORDAN ME S814486805519746 Card 1939,77.98,debit,phone,0.9226512927881612,0.45778493731643255,False
2/13/2025,Purchase authorized on 2/13 BEST BUY MILLERBURGH NE S345038948209606 Card 7189,121.61,debit,online_retail,0.6558274310138504,0.679363744969229,False
2/13/2025,Purchase authorized on 2/13 UBER PFEFFERSTEAD NM S757438497500909 Card 9375,15.41,debit,transit,0.9747024539208756,0.4741341419179037,False
2/15/2025,Purchase authorized on 2/15 VERIZON EAST OLETAVIEW MD S771136864987800 Card 7589,91.65,debit,phone,0.8615754429457352,0.5138781661873756,False
2/16/2025,Purchase authorized on 2/16 CHIPOTLE SOUTH JEROME WV S526015500875352 Card 5385,14.7,debit,dining,0.9849521107120204,0.5764012923199398,False
2/16/2025,Purchase authorized on 2/16 TRADER JOE'S WILDERMANFURT WV S717329975829821 Card 6707,26.22,debit,groceries,0.9859491605790612,0.609897937994202,False
2/19/2025,Purchase authorized on 2/19 BEST BUY NORTH LISANDROSIDE LA S198928154668177 Card 3437,196.32,debit,online_retail,0.6558274310138504,0.679363744969229,False
2/19/2025,Purchase authorized on 2/19 COMCAST NEW JAKE RI S915467357692896 Card 4274,84.42,debit,utilities,0.9469079691213451,0.5993680001009959,False
2/19/2025,Purchase authorized on 2/19 COSTCO EAST ODAVIEW PA S550978767293989 Card 7636,145.13,debit,groceries,0.9865544708250704,0.6191326676676427,False
2/20/2025,Purchase authorized on 2/20 WALGREENS NARCISOFIELD HI S059099418588344 Card 4495,25.97,debit,drugstores,0.9901234883052913,0.7234089647641156,False
2/21/2025,Purchase authorized on 2/21 OLIVE GARDEN FORT DAWSONHAVEN IL S333168429039778 Card 7615,48.49,debit,dining,0.9953282941884865,0.46279402705168127,False
2/22/2025,Venmo Payment 325852 Felicia Jerde,149.3,debit,all_other,0.18121486772165193,0.9357529246019819,False
2/23/2025,Purchase authorized on 2/23 STARBUCKS SOUTH GATE ME S081034262643230 Card 3546,11.73,debit,dining,0.985569099914075,0.5869937658017546,False
2/23/2025,Purchase authorized on 2/23 LYFT PENSACOLA OK S486570773942222 Card 6671,28.24,debit,transit,0.9714491325972339,0.43678263394946304,False
2/23/2025,Purchase authorized on 2/23 WALGREENS SAN RAMON OR S725159679178986 Card 2934,22.07,debit,drugstores,0.9901234883052913,0.7234089647641156,False
2/26/2025,Purchase authorized on 2/26 TARGET NEW LOGAN AL S427621736568531 Card 8035,129.49,debit,online_retail,0.4991075107362875,0.715835211639124,False
2/27/2025,Purchase authorized on 2/27 SPOTIFY NORTH GERARDO VA S826423348256228 Card 1186,10.86,debit,streaming,0.9792880638082893,0.5656182834353508,False
3/2/2025,Purchase authorized on 3/2 AMC THEATRES KILEYBORO TN S798326259948348 Card 5509,34.89,debit,entertainment,0.9923312083356188,0.39667967407987204,False
3/2/2025,Purchase authorized on 3/2 CHEVRON LEHI PA S227302218330958 Card 0895,58.54,debit,gas,0.9807255387658722,0.5560978866189894,False
3/2/2025,Purchase authorized on 3/2 MARRIOTT EAST HARTFORD NY S732489566217931 Card 8015,179.06,debit,hotels,0.8874986818529491,0.48278357893748236,False
3/3/2025,Purchase authorized on 3/3 COSTCO AMIRATON TX S434844796844025 Card 7263,230.6,debit,groceries,0.9865544708250704,0.6191326676676427,False
3/3/2025,Purchase authorized on 3/3 MARRIOTT KESSLERSIDE FL S094184578891176 Card 4922,207.2,debit,hotels,0.9976836933119418,0.06925863213642347,False
3/4/2025,Purchase authorized on 3/4 WALMART ERNESTINECHESTER CO S243114972720591 Card 8327,38.5,debit,online_retail,0.5077418675933667,0.7129789517185665,False
3/4/2025,Purchase authorized on 3/4 DELTA AIR LINES NORTH JAYLONWORTH ME S206901940686549 Card 3608,277.71,debit,airfare,0.9412260137954542,0.4829920649371505,False
3/5/2025,Purchase authorized on 3/5 NIKE SIMONISBORO LA S626020591819297 Card 4866,163.29,debit,online_retail,0.9980093153425159,0.28799227794622895,False
3/7/2025,Purchase authorized on 3/7 VERIZON MYRTICECHESTER MI S008932357138203 Card 3023,88.35,debit,phone,0.9972672154624403,0.13391808099534697,False
3/10/2025,Purchase authorized on 3/10 COSTCO WEST CICEROVIEW ID S449400719954033 Card 9729,114.36,debit,groceries,0.9865544708250704,0.6191326676676427,False
3/11/2025,Purchase authorized on 3/11 COSTCO BROWNSVILLE UT S236038557663831 Card 1598,106.98,debit,groceries,0.9865544708250704,0.6191326676676427,False
3/13/2025,Purchase authorized on 3/13 SHELL KREIGERTOWN WI S813390924483258 Card 8604,53.01,debit,gas,0.9820660086835917,0.5739358055159614,False
3/16/2025,Purchase authorized on 3/16 AMC THEATRES NORTH ERVINFIELD OR S301205084505793 Card 6648,36.62,debit,entertainment,0.9860813462174532,0.41207013847619833,False
3/17/2025,Purchase authorized on 3/17 STARBUCKS RIVERTON TX S738176727144666 Card 2239,13.43,debit,dining,0.985569099914075,0.5869937658017546,False
3/17/2025,Purchase authorized on 3/17 UBER UTICA NV S962239597886191 Card 5952,30.54,debit,transit,0.9747024539208756,0.4741341419179037,False
3/20/2025,Purchase authorized on 3/20 MCDONALDS YORK TN S934466081998860 Card 7683,14.95,debit,dining,0.9853354772298784,0.5829687274602102,False
3/22/2025,Venmo Payment 518677 Colin Doyle,119.75,debit,all_other,0.18121486772165193,0.9357529246019819,False
3/23/2025,Venmo Payment 509080 Allan Casper,94.54,debit,all_other,0.18121486772165193,0.9357529246019819,False
3/24/2025,Purchase authorized on 3/24 BEST BUY LAKE CRISTINABURY NC S438284202817779 Card 7374,300.39,debit,online_retail,0.6558274310138504,0.679363744969229,False
3/25/2025,Purchase authorized on 3/25 AMC THEATRES NEW WESTON TX S752098618039427 Card 4711,32.78,debit,entertainment,0.9430759368467778,0.5468382461877908,False
3/26/2025,Purchase authorized on 3/26 SPOTIFY WHITTIER NM S703525649674817 Card 9819,10.19,debit,streaming,0.9792880638082893,0.5656182834353508,False
3/26/2025,Purchase authorized on 3/26 MCDONALDS PORT LAMONT NY S504654359400274 Card 9154,10.23,debit,dining,0.9853354772298784,0.5829687274602102,False
3/27/2025,Venmo Payment 531681 Tracey Conroy,105.95,debit,all_other,0.18121486772165193,0.9357529246019819,False
3/29/2025,Purchase authorized on 3/29 COSTCO CHESLEYWORTH UT S753578181593229 Card 8458,243.76,debit,groceries,0.9865544708250704,0.6191326676676427,False
4/2/2025,Purchase authorized on 4/2 DELTA AIR LINES ARMSTRONGBERG KS S945476787126734 Card 4990,200.75,debit,airfare,0.9412260137954542,0.4829920649371505,False
4/5/2025,Purchase authorized on 4/5 COSTCO EAST LANSING LA S977706228095123 Card 8687,144.73,debit,groceries,0.9865544708250704,0.6191326676676427,False
4/6/2025,Purchase authorized on 4/6 DUNKIN FORT MYERS MI S363328728603274 Card 0359,7.04,debit,dining,0.9859213594220079,0.5930920389446405,False
4/7/2025,Purchase authorized on 4/7 TRADER JOE'S RICECHESTER OK S557981383425341 Card 0197,67.48,debit,groceries,0.9859491605790612,0.609897937994202,False
4/7/2025,Purchase authorized on 4/7 AMAZON GILESBORO NC S074651796265898 Card 2414,58.03,debit,online_retail,0.5531949211223098,0.8324513486156677,False
4/8/2025,Purchase authorized on 4/8 MARRIOTT FORT PIERCE VA S161817227360371 Card 3345,194.13,debit,hotels,0.9976836933119418,0.06925863213642347,False
4/8/2025,Purchase authorized on 4/8 WALMART EUGENIAFORT AR S654209380526917 Card 2205,44.82,debit,online_retail,0.5077418675933667,0.7129789517185665,False
4/8/2025,Purchase authorized on 4/8 WHOLE FOODS WEST ROELSHIRE NM S185790175970618 Card 7455,60.42,debit,groceries,0.9849557924389383,0.5947093156210737,False
4/13/2025,Purchase authorized on 4/13 STARBUCKS CASTLE ROCK AL S217456409623732 Card 0143,6.86,debit,dining,0.985569099914075,0.5869937658017546,False
4/15/2025,Purchase authorized on 4/15 WALMART WINTHEISERVIEW MS S020251176860539 Card 5044,91.61,debit,online_retail,0.5077418675933667,0.7129789517185665,False
4/16/2025,Purchase authorized on 4/16 AMC THEATRES BOYERCHESTER AK S930133942370900 Card 3182,18.55,debit,entertainment,0.9923312083356188,0.39667967407987204,False
4/16/2025,Purchase authorized on 4/16 CHEVRON NEW TRACETOWN VA S053267873252875 Card 6052,36.8,debit,gas,0.9807255387658722,0.5560978866189894,False
4/17/2025,Purchase authorized on 4/17 MCDONALDS WEST LORENZA MO S185123683284826 Card 3338,15.08,debit,dining,0.9853354772298784,0.5829687274602102,False
4/23/2025,Purchase authorized on 4/23 CHEVRON ASHALAND IN S459056645859396 Card 6692,61.72,debit,gas,0.9807255387658722,0.5560978866189894,False
4/25/2025,Purchase authorized on 4/25 LYFT NORTH CHADDBORO AZ S780134705953253 Card 6580,38.27,debit,transit,0.9714491325972339,0.43678263394946304,False
4/25/2025,Purchase authorized on 4/25 NETFLIX WEST THERESIAFURT ND S547417228710178 Card 6030,15.44,debit,streaming,0.9790090938577177,0.5622882411746888,False
4/28/2025,Purchase authorized on 4/28 NIKE HERZOGBORO NV S552940756482707 Card 4581,166.21,debit,online_retail,0.9980093153425159,0.28799227794622895,False
4/28/2025,Purchase authorized on 4/28 COMCAST FINNBERG TX S224753548186471 Card 1029,109.22,debit,utilities,0.9994828068116466,0.34997511794056657,False
5/2/2025,Purchase authorized on 5/2 WHOLE FOODS NORTH WAVA ID S113401288008877 Card 8924,61.29,debit,groceries,0.9849557924389383,0.5947093156210737,False
5/3/2025,Purchase authorized on 5/3 VERIZON BERNICEFIELD NJ S314944091257071 Card 5108,78.26,debit,phone,0.9972672154624403,0.13391808099534697,False
5/4/2025,Purchase authorized on 5/4 WALGREENS PORT CRISTAL ID S224524755279946 Card 1056,29.9,debit,drugstores,0.9901234883052913,0.7234089647641156,False
5/5/2025,Purchase authorized on 5/5 CVS AUBREYCESTER OR S226727039499021 Card 8323,45.88,debit,drugstores,0.990346960534947,0.728140719456364,False
5/6/2025,Purchase authorized on 5/6 DELTA AIR LINES PORT PHOEBETON NM S013745169935468 Card 4672,407.36,debit,airfare,0.9412260137954542,0.4829920649371505,False
5/6/2025,Purchase authorized on 5/6 AMAZON NATALIEBURY WV S339301815852695 Card 8691,110.75,debit,online_retail,0.5531949211223098,0.8324513486156677,False
5/6/2025,Purchase authorized on 5/6 AMAZON PROHASKASIDE LA S294251191639212 Card 4476,63.54,debit,online_retail,0.5531949211223098,0.8324513486156677,False
5/7/2025,Purchase authorized on 5/7 CHIPOTLE NORTH MOISES NE S682740567027828 Card 3384,12.14,debit,dining,0.9849521107120204,0.5764012923199398,False
5/7/2025,Purchase authorized on 5/7 LYFT NAPERVILLE AK S443752794749676 Card 1191,21.79,debit,transit,0.9714491325972339,0.43678263394946304,False
5/8/2025,Purchase authorized on 5/8 STAPLES DALLAS NM S951753928542869 Card 3792,109.13,debit,office_supply,0.9997068359255639,0.30426514306862995,False
5/9/2025,Purchase authorized on 5/9 SHELL EAST MAUREEN WA S960750789510422 Card 6926,56.22,debit,gas,0.9820660086835917,0.5739358055159614,False
5/10/2025,Purchase authorized on 5/10 DOMINOS MARIETTA ND S586233814212048 Card 3546,28.29,debit,dining,0.985858600295422,0.5920031464621667,False
5/13/2025,Purchase authorized on 5/13 TARGET NORTH ELLENBURGH VT S687182495136140 Card 5415,106.73,debit,online_retail,0.4991075107362875,0.715835211639124,False
5/13/2025,Purchase authorized on 5/13 WALGREENS MADALYNBOROUGH GA S743803178688357 Card 2656,10.72,debit,drugstores,0.9901234883052913,0.7234089647641156,False
5/14/2025,Purchase authorized on 5/14 TARGET STEHRSIDE AZ S667443668948492 Card 8854,84.7,debit,online_retail,0.4991075107362875,0.715835211639124,False
5/15/2025,Purchase authorized on 5/15 SHELL NORTH ELSIEBOROUGH UT S408144909216446 Card 7127,53.54,debit,gas,0.9820660086835917,0.5739358055159614,False
5/17/2025,Purchase authorized on 5/17 WHOLE FOODS EVERETT AR S337993770525914 Card 2054,99.33,debit,groceries,0.9849557924389383,0.5947093156210737,False
5/23/2025,Venmo Payment 874822 Ralph Schroeder,56.85,debit,all_other,0.18121486772165193,0.9357529246019819,False
5/25/2025,Purchase authorized on 5/25 NIKE HILLLSHIRE CA S489970294390413 Card 2468,102.94,debit,online_retail,0.9980093153425159,0.28799227794622895,False
5/26/2025,Purchase authorized on 5/26 LYFT SOUTH JOAQUIN MI S362406356400488 Card 9364,25.86,debit,transit,0.9714491325972339,0.43678263394946304,False
5/28/2025,Purchase authorized on 5/28 MARRIOTT WESTLAND VT S815578376510179 Card 6577,206.68,debit,hotels,0.9976836933119418,0.06925863213642347,False
6/1/2025,Purchase authorized on 6/1 NIKE PORT VANMOUTH OH S199889835466010 Card 2106,162.05,debit,online_retail,0.934723407889345,0.5633040886895098,False
6/3/2025,Purchase authorized on 6/3 VERIZON JUDYBERG CO S906415557854321 Card 6572,85.5,debit,phone,0.9972672154624403,0.13391808099534697,False
6/3/2025,Purchase authorized on 6/3 DELTA AIR LINES JUDGEFURT IL S604309794579281 Card 0139,314.11,debit,airfare,0.9412260137954542,0.4829920649371505,False
6/5/2025,Purchase authorized on 6/5 NETFLIX HERMISTONHAVEN MA S944174484639034 Card 7396,15.98,debit,streaming,0.9790090938577177,0.5622882411746888,False
6/8/2025,Purchase authorized on 6/8 COSTCO BOEHMBOROUGH MD S183755824125050 Card 2941,140.75,debit,groceries,0.9865544708250704,0.6191326676676427,False
6/9/2025,Purchase authorized on 6/9 UBER NEW AMARASIDE WI S275648858587343 Card 1081,34.93,debit,transit,0.9747024539208756,0.4741341419179037,False
6/14/2025,Purchase authorized on 6/14 OLIVE GARDEN ARCADIA MI S006838031828185 Card 9713,61.5,debit,dining,0.9953282941884865,0.46279402705168127,False
6/14/2025,Purchase authorized on 6/14 CVS ATHENABERG MO S334425361779894 Card 4414,57.11,debit,drugstores,0.990346960534947,0.728140719456364,False
6/16/2025,Purchase authorized on 6/16 WALGREENS GAINESVILLE AZ S192209874968857 Card 0459,29.98,debit,drugstores,0.9901234883052913,0.7234089647641156,False
6/17/2025,Purchase authorized on 6/17 STARBUCKS GLENSIDE NV S200470410272488 Card 6069,8.98,debit,dining,0.985569099914075,0.5869937658017546,False
6/18/2025,Purchase authorized on 6/18 TRADER JOE'S LAWTON VT S071485859319630 Card 0666,73.09,debit,groceries,0.9859491605790612,0.609897937994202,False
6/20/2025,Purchase authorized on 6/20 OLIVE GARDEN JERODBURGH UT S156669407328274 Card 2789,71.19,debit,dining,0.9953282941884865,0.46279402705168127,False
6/20/2025,Purchase authorized on 6/20 NIKE NORTH RAMIRO CA S519005914783835 Card 1041,80.79,debit,online_retail,0.9605792841203198,0.5317788131556942,False
6/21/2025,Purchase authorized on 6/21 DELTA AIR LINES ATLANTA GA S506102421431020 Card 3056,461.84,debit,airfare,0.9412260137954542,0.4829920649371505,False
6/21/2025,Purchase authorized on 6/21 UBER DURHAM AL S964782935946407 Card 9332,18.85,debit,transit,0.9747024539208756,0.4741341419179037,False
6/22/2025,Purchase authorized on 6/22 MARRIOTT EAST TIFFANYBORO GA S466230902607162 Card 0049,292.81,debit,hotels,0.8874986818529491,0.48278357893748236,False
6/25/2025,Purchase authorized on 6/25 SPOTIFY DOLORESCHESTER WV S734439526320794 Card 7643,10.81,debit,streaming,0.9792880638082893,0.5656182834353508,False
6/25/2025,Purchase authorized on 6/25 CHEVRON SOUTH AMBROSE MS S967729546854549 Card 1340,59.39,debit,gas,0.9807255387658722,0.5560978866189894,False
